dqn_agent,1420
dqn_model.h5,1175
urf_01.h5,2445
past_runs/urf_02.h5,1975
past_runs/urf_03.h5,340
past_runs/urf_04.h5,540
past_runs/urf_05.h5,3740
past_runs/urf_06.h5,785
past_runs/urf_07.h5,370
past_runs/urf_08.h5,300
past_runs/urf_09.h5,130
past_runs/urf_10.h5,1840
past_runs/urf_11.h5,705
past_runs/urf_12.h5,805
past_runs/urf_13.h5,2605
past_runs/urf_14.h5,220
past_runs/urf_15.h5,1460
past_runs/urf_16.h5,1130
past_runs/urf_17.h5,650
past_runs/urf_18.h5,410
past_runs/urf_19.h5,550
past_runs/urf_per_01.h5,275
past_runs/urf_per_02.h5,435
past_runs/urf_per_03.h5,385
past_runs/urf_20.h5,360
past_runs/urf_21.h5,85
past_runs/urf_22.h5,620
past_runs/urf_23.h5,340
past_runs/urf_24.h5,2270
past_runs/urf_25.h5,400
